product_id,description
1,"Premium wireless headphones with noise cancellation"
2,"Comfortable running shoes for athletes"
3,"Stylish wireless earbuds with noise isolation"
4,"Premium coffee maker with built-in grinder"
5,"Soft and cozy blanket for chilly nights"
6,"Elegant wristwatch with a leather strap"
7,"Versatile laptop with powerful performance"
8,"Classic novels by renowned authors"
9,"Durable backpack for outdoor adventures"
10,"Delicious assortment of gourmet chocolates"
11,"Innovative smart home security system with camera"
12,"Refreshing citrus-scented body wash"
13,"Versatile kitchen blender for smoothies and soups"
14,"Gourmet cooking utensils for culinary enthusiasts"
15,"Colorful art supplies for creative projects"
16,"Compact digital camera for capturing memories"
17,"Relaxing scented candles for a cozy atmosphere"
18,"Premium quality stainless steel cookware set"
19,"Fitness tracker with heart rate monitoring"
20,"Cozy bean bag chair for ultimate relaxation"
21,"Premium wireless earphones with active noise cancellation"
22,"Compact and portable espresso maker with frother"
23,"Soft and plush throw blanket for cozy evenings"
24,"Elegant wristwatch with a stainless steel band"
25,"High-performance gaming laptop for immersive gameplay"
26,"Timeless literary classics by renowned authors"
27,"Sturdy and waterproof hiking backpack for outdoor adventures"
28,"Invigorating shower gel with refreshing citrus fragrance"
29,"Exquisite assortment of luxury chocolates for connoisseurs"
30,"Intelligent home security system with facial recognition"
